{
    "snr": {
        "total": {
            "raw": -1.0327699666494514,
            "nn": 16.293915319759435,
            "tf": 3.7205828961729814,
            "af": -2.0284864999470065,
            "sg": -1.0651586338837005
        },
        "event": {
            "raw": 16.24036745301418,
            "nn": 18.441375747202965,
            "tf": 13.713912470311564,
            "af": 2.086675417076439,
            "sg": 14.297351333962006
        }
    },
    "mse": {
        "total": {
            "nn": 3.202088153015735e-11,
            "tf": 5.790314402771933e-10,
            "af": 2.1787782295227933e-09,
            "sg": 1.742915365772337e-09
        },
        "event": {
            "nn": 1.290275600577899e-09,
            "tf": 2.759759653675788e-09,
            "af": 3.5440313722966194e-08,
            "sg": 2.004856092879203e-09
        }
    },
    "mae": {
        "total": {
            "nn": 5.766185257403575e-07,
            "tf": 1.9558800772709895e-05,
            "af": 3.39235415111513e-05,
            "sg": 3.530345943393992e-05
        },
        "event": {
            "nn": 2.1873716818893277e-05,
            "tf": 4.2964417245377264e-05,
            "af": 0.00013951783272151582,
            "sg": 3.6840096974671375e-05
        }
    },
    "r2": {
        "total": {
            "nn": 0.976476093119649,
            "tf": 0.5745558461777107,
            "af": -0.598640292290193,
            "sg": -0.28060948231049676
        },
        "event": {
            "nn": 0.8226339659663142,
            "tf": 0.78856722582369,
            "af": -0.7890730794408223,
            "sg": 0.363167690332786
        }
    }
}