{
    "snr": {
        "total": {
            "raw": -1.0327699666494514,
            "nn": 16.293915268247375,
            "tf": 3.7205828961729814,
            "af": -2.0284864999470065,
            "sg": -1.065158633883698
        },
        "event": {
            "raw": 16.24036745301418,
            "nn": 18.44137592294424,
            "tf": 13.713912470311564,
            "af": 2.086675417076439,
            "sg": 14.297351333962
        }
    },
    "mse": {
        "total": {
            "nn": 3.202088190995992e-11,
            "tf": 5.790314402771933e-10,
            "af": 2.1787782295227933e-09,
            "sg": 1.7429153657723362e-09
        },
        "event": {
            "nn": 1.290275600863111e-09,
            "tf": 2.759759653675788e-09,
            "af": 3.5440313722966194e-08,
            "sg": 2.004856092879205e-09
        }
    },
    "mae": {
        "total": {
            "nn": 5.766185345146294e-07,
            "tf": 1.9558800772709895e-05,
            "af": 3.39235415111513e-05,
            "sg": 3.530345943393991e-05
        },
        "event": {
            "nn": 2.18737169103989e-05,
            "tf": 4.2964417245377264e-05,
            "af": 0.00013951783272151582,
            "sg": 3.684009697467139e-05
        }
    },
    "r2": {
        "total": {
            "nn": 0.9764760928406299,
            "tf": 0.5745558461777107,
            "af": -0.598640292290193,
            "sg": -0.2806094823104961
        },
        "event": {
            "nn": 0.8226339687813873,
            "tf": 0.78856722582369,
            "af": -0.7890730794408223,
            "sg": 0.36316769033278634
        }
    }
}