{
    "snr": {
        "total": {
            "raw": 12.057751742263015,
            "nn": 16.605880432531286,
            "tf": 9.841212007243488,
            "af": 1.9824416448549096,
            "sg": 11.439161393879857
        },
        "event": {
            "raw": 28.34315426901807,
            "nn": 19.03170653428334,
            "tf": 14.463567810754526,
            "af": 2.3478665814859996,
            "sg": 19.198576594028648
        }
    },
    "mse": {
        "total": {
            "nn": 2.9801407262796225e-11,
            "tf": 1.414618178290023e-10,
            "af": 8.65207374904508e-10,
            "sg": 9.791388797923705e-11
        },
        "event": {
            "nn": 1.1784280460391305e-09,
            "tf": 2.322722961696232e-09,
            "af": 3.606141090593307e-08,
            "sg": 6.546830784595609e-10
        }
    },
    "mae": {
        "total": {
            "nn": 5.496170592736596e-07,
            "tf": 6.994006313314078e-06,
            "af": 6.384435023623638e-06,
            "sg": 7.95634823308419e-06
        },
        "event": {
            "nn": 2.0466812194885142e-05,
            "tf": 4.012819944564629e-05,
            "af": 0.00013305690428830534,
            "sg": 1.997859095878034e-05
        }
    },
    "r2": {
        "total": {
            "nn": 0.9781066136891582,
            "tf": 0.8960607331518795,
            "af": 0.36516927149032574,
            "sg": 0.9280576350071164
        },
        "event": {
            "nn": 0.837162066453248,
            "tf": 0.8957730589510421,
            "af": -0.1811561210069602,
            "sg": 0.9559181149795111
        }
    }
}