{
    "snr": {
        "total": {
            "raw": -7.0507357495677505,
            "nn": 15.742141768071159,
            "tf": -1.5633918273573402,
            "af": -7.129020360323198,
            "sg": -7.059205962885557
        },
        "event": {
            "raw": 10.076180042343044,
            "nn": 17.627160351041947,
            "tf": 12.460428502474215,
            "af": 1.6861617511822096,
            "sg": 9.958972507759503
        }
    },
    "mse": {
        "total": {
            "nn": 3.6358891908568804e-11,
            "tf": 1.9547877917558926e-09,
            "af": 7.051254877839106e-09,
            "sg": 6.929167051316523e-09
        },
        "event": {
            "nn": 1.4618282607131079e-09,
            "tf": 3.8209824809267314e-09,
            "af": 3.803587036246252e-08,
            "sg": 6.368811270120192e-09
        }
    },
    "mae": {
        "total": {
            "nn": 6.352051774069139e-07,
            "tf": 3.651723303548279e-05,
            "af": 6.883980471680809e-05,
            "sg": 6.961102301740425e-05
        },
        "event": {
            "nn": 2.3799613334044896e-05,
            "tf": 4.970647845121092e-05,
            "af": 0.0001505723654642508,
            "sg": 6.49937494522371e-05
        }
    },
    "r2": {
        "total": {
            "nn": 0.9732892054603683,
            "tf": -0.43628304115506955,
            "af": -4.173734529828811,
            "sg": -4.091215101254942
        },
        "event": {
            "nn": 0.8309726396323484,
            "tf": 0.7626033516754349,
            "af": -1.534967709135887,
            "sg": -0.21966971194874033
        }
    }
}