{
    "snr": {
        "total": {
            "raw": -10.572080365233251,
            "nn": 15.441072629528414,
            "tf": -4.938498578139167,
            "af": -10.512771102580917,
            "sg": -10.575504520502095
        },
        "event": {
            "raw": 5.813785164917469,
            "nn": 16.902229114869336,
            "tf": 11.092795913579508,
            "af": 0.64885927792422,
            "sg": 5.270261775088928
        }
    },
    "mse": {
        "total": {
            "nn": 3.896884669871832e-11,
            "tf": 4.252166808428266e-09,
            "af": 1.536885408693127e-08,
            "sg": 1.5570798600254983e-08
        },
        "event": {
            "nn": 1.6518503065860856e-09,
            "tf": 5.862703741831955e-09,
            "af": 4.7349956266213975e-08,
            "sg": 1.638170862980634e-08
        }
    },
    "mae": {
        "total": {
            "nn": 6.83168557283134e-07,
            "tf": 5.378561505010069e-05,
            "af": 0.00010481960686309543,
            "sg": 0.00010697171285225364
        },
        "event": {
            "nn": 2.615351529429262e-05,
            "tf": 6.156070502985778e-05,
            "af": 0.00017239752693180255,
            "sg": 0.00011084544316502422
        }
    },
    "r2": {
        "total": {
            "nn": 0.9713718212250974,
            "tf": -2.1242854599690775,
            "af": -10.276626990659077,
            "sg": -10.44066586721352
        },
        "event": {
            "nn": 0.753938688001052,
            "tf": 0.7037848498864246,
            "af": -5.399911714995947,
            "sg": -3.469562924521823
        }
    }
}