{
    "snr": {
        "total": {
            "raw": -10.572080365233251,
            "nn": 15.44107274892172,
            "tf": -4.938498578139167,
            "af": -10.512771102580917,
            "sg": -10.575504520502093
        },
        "event": {
            "raw": 5.813785164917469,
            "nn": 16.902229323779277,
            "tf": 11.092795913579508,
            "af": 0.64885927792422,
            "sg": 5.27026177508893
        }
    },
    "mse": {
        "total": {
            "nn": 3.896884562741313e-11,
            "tf": 4.252166808428266e-09,
            "af": 1.536885408693127e-08,
            "sg": 1.557079860025498e-08
        },
        "event": {
            "nn": 1.6518502570488913e-09,
            "tf": 5.862703741831955e-09,
            "af": 4.7349956266213975e-08,
            "sg": 1.638170862980633e-08
        }
    },
    "mae": {
        "total": {
            "nn": 6.831685429327002e-07,
            "tf": 5.378561505010069e-05,
            "af": 0.00010481960686309543,
            "sg": 0.00010697171285225363
        },
        "event": {
            "nn": 2.6153514610820244e-05,
            "tf": 6.156070502985778e-05,
            "af": 0.00017239752693180255,
            "sg": 0.00011084544316502422
        }
    },
    "r2": {
        "total": {
            "nn": 0.9713718220121239,
            "tf": -2.1242854599690775,
            "af": -10.276626990659077,
            "sg": -10.440665867213516
        },
        "event": {
            "nn": 0.7539386899058538,
            "tf": 0.7037848498864246,
            "af": -5.399911714995947,
            "sg": -3.4695629245218207
        }
    }
}