{
    "snr": {
        "total": {
            "raw": -15.00958751804423,
            "nn": 15.814154886297626,
            "tf": -9.298725669121698,
            "af": -14.917601942878616,
            "sg": -15.010628482808128
        },
        "event": {
            "raw": 1.6200036837603156,
            "nn": 17.61539475369094,
            "tf": 7.429224030417111,
            "af": -1.055463465050965,
            "sg": 1.7086570288651126
        }
    },
    "mse": {
        "total": {
            "nn": 3.5760973032997935e-11,
            "tf": 1.1604675537333033e-08,
            "af": 4.237644996580081e-08,
            "sg": 4.3233787499958924e-08
        },
        "event": {
            "nn": 1.3037339255621544e-09,
            "tf": 1.3706149039459829e-08,
            "af": 7.1660152006612e-08,
            "sg": 4.263506125932111e-08
        }
    },
    "mae": {
        "total": {
            "nn": 8.669172782289589e-07,
            "tf": 8.902080515408778e-05,
            "af": 0.0001741006567718984,
            "sg": 0.00017561450094197113
        },
        "event": {
            "nn": 2.3463072905055144e-05,
            "tf": 9.70790525309465e-05,
            "af": 0.00021669737552886987,
            "sg": 0.0001745973146928095
        }
    },
    "r2": {
        "total": {
            "nn": 0.9737284621978097,
            "tf": -7.526551445979116,
            "af": -30.09297653225878,
            "sg": -30.76608532802182
        },
        "event": {
            "nn": 0.8246164153838175,
            "tf": -4.346962044469112,
            "af": -8.76553084193495,
            "sg": -8.642871747530032
        }
    }
}