{
    "snr": {
        "total": {
            "raw": 4.984957784217218,
            "nn": 16.505030427196406,
            "tf": 7.663451235399227,
            "af": 1.0854618726466538,
            "sg": 4.856299766083764
        },
        "event": {
            "raw": 20.82191551406766,
            "nn": 18.895814066347867,
            "tf": 14.155435715617928,
            "af": 2.3195585380522794,
            "sg": 17.08467583803719
        }
    },
    "mse": {
        "total": {
            "nn": 3.0501540418767754e-11,
            "tf": 2.3356905939032265e-10,
            "af": 1.0636976257558144e-09,
            "sg": 4.4579014021313794e-10
        },
        "event": {
            "nn": 1.2051219648133875e-09,
            "tf": 2.448194312966201e-09,
            "af": 3.531436094380787e-08,
            "sg": 1.0614431409576764e-09
        }
    },
    "mae": {
        "total": {
            "nn": 5.583017739445207e-07,
            "tf": 1.107111723024354e-05,
            "af": 1.5549229802427372e-05,
            "sg": 1.771920945723863e-05
        },
        "event": {
            "nn": 2.0874377212429787e-05,
            "tf": 4.1146389861868925e-05,
            "af": 0.00013400260521791496,
            "sg": 2.608080794209301e-05
        }
    },
    "r2": {
        "total": {
            "nn": 0.9775922659767317,
            "tf": 0.8283848096679979,
            "af": 0.21953053307352688,
            "sg": 0.6724550761967175
        },
        "event": {
            "nn": 0.8327131487442286,
            "tf": 0.8591270083699768,
            "af": -0.19132067204808598,
            "sg": 0.8181873555290662
        }
    }
}