{
    "snr": {
        "total": {
            "raw": -17.932257176345995,
            "nn": 14.855327738570804,
            "tf": -12.197388508432162,
            "af": -17.852476747308287,
            "sg": -17.932919484525826
        },
        "event": {
            "raw": -1.5802884274619402,
            "nn": 16.852580265106027,
            "tf": 5.180053949963254,
            "af": -2.876945271396697,
            "sg": -1.109372626257495
        }
    },
    "mse": {
        "total": {
            "nn": 4.4595603134657043e-11,
            "tf": 2.2620348217684766e-08,
            "af": 8.32936803414404e-08,
            "sg": 8.47329611274833e-08
        },
        "event": {
            "nn": 1.6657161621655654e-09,
            "tf": 2.6961137418846066e-08,
            "af": 1.1427075644335876e-07,
            "sg": 8.780565043441599e-08
        }
    },
    "mae": {
        "total": {
            "nn": 7.732151637565894e-07,
            "tf": 0.0001239840831866573,
            "af": 0.0002411032352949995,
            "sg": 0.00024265208719158337
        },
        "event": {
            "nn": 2.5862446863489643e-05,
            "tf": 0.00013540158351540486,
            "af": 0.00027572229256922547,
            "sg": 0.000244300699169873
        }
    },
    "r2": {
        "total": {
            "nn": 0.9672381656818302,
            "tf": -15.620332225882898,
            "af": -60.11527629690462,
            "sg": -61.25766070747672
        },
        "event": {
            "nn": 0.8206763035536682,
            "tf": -12.137830017849666,
            "af": -35.71738899422039,
            "sg": -32.23559574734217
        }
    }
}