{
    "snr": {
        "total": {
            "raw": -17.932257176345995,
            "nn": 14.85532764663824,
            "tf": -12.197388508432162,
            "af": -17.852476747308287,
            "sg": -17.93291948452583
        },
        "event": {
            "raw": -1.5802884274619402,
            "nn": 16.852580104406126,
            "tf": 5.180053949963254,
            "af": -2.876945271396697,
            "sg": -1.1093726262574972
        }
    },
    "mse": {
        "total": {
            "nn": 4.459560407866813e-11,
            "tf": 2.2620348217684766e-08,
            "af": 8.32936803414404e-08,
            "sg": 8.473296112748337e-08
        },
        "event": {
            "nn": 1.6657161923513865e-09,
            "tf": 2.6961137418846066e-08,
            "af": 1.1427075644335876e-07,
            "sg": 8.780565043441603e-08
        }
    },
    "mae": {
        "total": {
            "nn": 7.732151741631003e-07,
            "tf": 0.0001239840831866573,
            "af": 0.0002411032352949995,
            "sg": 0.00024265208719158343
        },
        "event": {
            "nn": 2.5862447191530148e-05,
            "tf": 0.00013540158351540486,
            "af": 0.00027572229256922547,
            "sg": 0.000244300699169873
        }
    },
    "r2": {
        "total": {
            "nn": 0.9672381649883193,
            "tf": -15.620332225882898,
            "af": -60.11527629690462,
            "sg": -61.25766070747677
        },
        "event": {
            "nn": 0.8206763005024388,
            "tf": -12.137830017849666,
            "af": -35.71738899422039,
            "sg": -32.23559574734218
        }
    }
}